<?xml version="1.0" encoding="UTF-8"?>
<!DOCTYPE platform PUBLIC "-//NetBeans//DTD Java PlatformDefinition 1.0//EN" "http://www.netbeans.org/dtds/java-platformdefinition-1_0.dtd">
<platform default="no" name="JDK  1.5">
    <jdkhome>
        <resource>file:/C:/Program%20Files%20(x86)/Java/jdk1.5.0_06/</resource>
    </jdkhome>
    <properties>
        <property name="platform.ant.name" value="JDK__1.5"/>
    </properties>
    <sysproperties>
        <property name="awt.toolkit" value="sun.awt.windows.WToolkit"/>
        <property name="file.encoding" value="Cp1252"/>
        <property name="file.encoding.pkg" value="sun.io"/>
        <property name="file.separator" value="\"/>
        <property name="java.awt.graphicsenv" value="sun.awt.Win32GraphicsEnvironment"/>
        <property name="java.awt.printerjob" value="sun.awt.windows.WPrinterJob"/>
        <property name="java.class.path" value=""/>
        <property name="java.class.version" value="49.0"/>
        <property name="java.endorsed.dirs" value="C:\Program Files (x86)\Java\jdk1.5.0_06\jre\lib\endorsed"/>
        <property name="java.ext.dirs" value="C:\Program Files (x86)\Java\jdk1.5.0_06\jre\lib\ext"/>
        <property name="java.home" value="C:\Program Files (x86)\Java\jdk1.5.0_06\jre"/>
        <property name="java.io.tmpdir" value="C:\Users\wmk\AppData\Local\Temp\"/>
        <property name="java.library.path" value="C:\Program Files (x86)\Java\jdk1.5.0_06\bin;.;C:\Windows\system32;C:\Windows;c:\Program Files (x86)\CVSNT\;d:\Projekte\Perl\sonstiges\;C:\Perl\site\bin;C:\Perl\bin;D:\programme\tools;D:\programme\SysinternalsSuite;C:\Program Files (x86)\NVIDIA Corporation\PhysX\Common;C:\Windows\system32;C:\Windows;C:\Windows\System32\Wbem;C:\Windows\System32\WindowsPowerShell\v1.0\;C:\Program Files\Microsoft Windows Performance Toolkit\;C:\Program Files (x86)\Vitronic GmbH\3rd_Party\odpnet;C:\Program Files (x86)\Vitronic GmbH\3rd_Party\odpnet\bin;C:\Program Files (x86)\CVSNT\"/>
        <property name="java.runtime.name" value="Java(TM) 2 Runtime Environment, Standard Edition"/>
        <property name="java.runtime.version" value="1.5.0_06-b05"/>
        <property name="java.specification.name" value="Java Platform API Specification"/>
        <property name="java.specification.vendor" value="Sun Microsystems Inc."/>
        <property name="java.specification.version" value="1.5"/>
        <property name="java.vendor" value="Sun Microsystems Inc."/>
        <property name="java.vendor.url" value="http://java.sun.com/"/>
        <property name="java.vendor.url.bug" value="http://java.sun.com/cgi-bin/bugreport.cgi"/>
        <property name="java.version" value="1.5.0_06"/>
        <property name="java.vm.info" value="mixed mode, sharing"/>
        <property name="java.vm.name" value="Java HotSpot(TM) Client VM"/>
        <property name="java.vm.specification.name" value="Java Virtual Machine Specification"/>
        <property name="java.vm.specification.vendor" value="Sun Microsystems Inc."/>
        <property name="java.vm.specification.version" value="1.0"/>
        <property name="java.vm.vendor" value="Sun Microsystems Inc."/>
        <property name="java.vm.version" value="1.5.0_06-b05"/>
        <property name="line.separator" value="&#13;&#10;"/>
        <property name="os.arch" value="x86"/>
        <property name="os.name" value="Windows NT (unknown)"/>
        <property name="os.version" value="6.1"/>
        <property name="path.separator" value=";"/>
        <property name="sun.arch.data.model" value="32"/>
        <property name="sun.boot.class.path" value="C:\Program Files (x86)\Java\jdk1.5.0_06\jre\lib\rt.jar;C:\Program Files (x86)\Java\jdk1.5.0_06\jre\lib\i18n.jar;C:\Program Files (x86)\Java\jdk1.5.0_06\jre\lib\sunrsasign.jar;C:\Program Files (x86)\Java\jdk1.5.0_06\jre\lib\jsse.jar;C:\Program Files (x86)\Java\jdk1.5.0_06\jre\lib\jce.jar;C:\Program Files (x86)\Java\jdk1.5.0_06\jre\lib\charsets.jar;C:\Program Files (x86)\Java\jdk1.5.0_06\jre\classes"/>
        <property name="sun.boot.library.path" value="C:\Program Files (x86)\Java\jdk1.5.0_06\jre\bin"/>
        <property name="sun.cpu.endian" value="little"/>
        <property name="sun.cpu.isalist" value="pentium_pro+mmx pentium_pro pentium+mmx pentium i486 i386 i86"/>
        <property name="sun.desktop" value="windows"/>
        <property name="sun.io.unicode.encoding" value="UnicodeLittle"/>
        <property name="sun.jnu.encoding" value="Cp1252"/>
        <property name="sun.management.compiler" value="HotSpot Client Compiler"/>
        <property name="sun.os.patch.level" value="Service Pack 1"/>
        <property name="user.country" value="DE"/>
        <property name="user.dir" value=""/>
        <property name="user.home" value="C:\Users\wmk"/>
        <property name="user.language" value="de"/>
        <property name="user.name" value="wmk"/>
        <property name="user.timezone" value="GMT"/>
        <property name="user.variant" value=""/>
    </sysproperties>
    <sources>
        <resource>jar:file:/C:/Program%20Files%20(x86)/Java/jdk1.5.0_06/src.zip!/</resource>
    </sources>
    <javadoc>
        <resource>http://download.oracle.com/javase/1.5.0/docs/api/</resource>
    </javadoc>
</platform>
